{
  "farm_a": {
    "n_features": 19,
    "seq_len": 36,
    "n_sequences": 21207,
    "epochs_trained": 50,
    "best_epoch": 48,
    "best_train_loss": 0.1928190282199696,
    "best_val_loss": 0.1884927199696595,
    "final_train_loss": 0.1931000754917162,
    "final_val_loss": 0.1902673716815013,
    "training_time_seconds": 111.3,
    "recon_error_mean": 0.19174973666667938,
    "recon_error_std": 0.42046087980270386,
    "recon_error_p95": 0.6989825963973999,
    "recon_error_max": 14.316152572631836
  },
  "farm_b": {
    "n_features": 22,
    "seq_len": 36,
    "n_sequences": 31058,
    "epochs_trained": 50,
    "best_epoch": 49,
    "best_train_loss": 0.25849853801508943,
    "best_val_loss": 0.25103878478689085,
    "final_train_loss": 0.25789956130220376,
    "final_val_loss": 0.25144041639403253,
    "training_time_seconds": 165.4,
    "recon_error_mean": 0.25714167952537537,
    "recon_error_std": 0.5724133849143982,
    "recon_error_p95": 0.8951826691627502,
    "recon_error_max": 13.174500465393066
  },
  "farm_c": {
    "n_features": 20,
    "seq_len": 36,
    "n_sequences": 30417,
    "epochs_trained": 50,
    "best_epoch": 48,
    "best_train_loss": 0.5023524358145749,
    "best_val_loss": 0.5006627393215748,
    "final_train_loss": 0.5020414362310458,
    "final_val_loss": 0.5009383241015412,
    "training_time_seconds": 159.5,
    "recon_error_mean": 0.5018554329872131,
    "recon_error_std": 0.6898220181465149,
    "recon_error_p95": 1.763710379600525,
    "recon_error_max": 9.657988548278809
  }
}